BattingTeam,Batter,battingStyles_x,venue,Phase,WicketDeliveries,EconomyRate,StrikeRate,BoundaryPercentage,Selected
Rajasthan Royals,SP Narine,,"Brabourne Stadium, Mumbai",MiddleOvers,0,9.052127592931592,11.871937044738262,12.469539096004596,1
Lucknow Super Giants,LB Williams,,"Arun Jaitley Stadium, Delhi",DeathOvers,0,10.235731887587853,14.366637824073566,26.532855994116886,1
Gujarat Titans,SP Jackson,rhb,"M Chinnaswamy Stadium, Bengaluru",MiddleOvers,0,7.647053321687284,25.610809318846822,51.82740462363644,0
Mumbai Indians,EJG Morgan,lhb,"Maharashtra Cricket Association Stadium, Pune",DeathOvers,0,13.345473734524298,15.673369849314671,39.41513592213012,0
Chennai Super Kings,KA Jamieson,rhb,Dubai International Cricket Stadium,MiddleOvers,1,10.604356180581835,21.750085746201457,33.87582894654173,1
Royal Challengers Bangalore,Shubman Gill,,"Maharaja Yadavindra Singh International Cricket Stadium, Mullanpur",DeathOvers,0,9.48686895904346,24.23115931197937,10.0,0
Punjab Kings,Arshad Khan (2),lhb,Sharjah Cricket Stadium,DeathOvers,1,9.94743875224821,13.849812461852665,47.0655460654344,1
Kings XI Punjab,AJ Hosein,lhb,"Eden Gardens, Kolkata",Powerplay,0,8.924451798464723,14.940439330338283,23.70930511891239,1
Lucknow Super Giants,R Ravindra,,"Wankhede Stadium, Mumbai",MiddleOvers,0,9.180352166777727,22.749175432186693,37.23784019201387,0
Lucknow Super Giants,Simarjeet Singh,lhb,"Maharaja Yadavindra Singh International Cricket Stadium, Mullanpur",MiddleOvers,0,9.44192739830242,21.410322034684857,42.946745362964194,0
Chennai Super Kings,Mohammad Nabi,rhb,"Punjab Cricket Association IS Bindra Stadium, Mohali, Chandigarh",DeathOvers,1,6.171016671316234,21.293406542143067,57.04546139379792,1
Kings XI Punjab,SE Rutherford,lhb,"Himachal Pradesh Cricket Association Stadium, Dharamsala",MiddleOvers,1,9.788886656559052,13.954693669489057,42.16329502864541,1
Delhi Capitals,FA Allen,,"Brabourne Stadium, Mumbai",DeathOvers,0,5.42809007144748,12.778837955557545,43.23015732241107,1
Kolkata Knight Riders,Sumit Kumar,lhb,"Himachal Pradesh Cricket Association Stadium, Dharamsala",Powerplay,0,9.090160790314592,11.991624254384888,28.360119969297354,1
Gujarat Titans,P Simran Singh,,"Dr DY Patil Sports Academy, Mumbai",MiddleOvers,0,6.376351753780556,18.51354724507936,48.51584400403608,0
Sunrisers Hyderabad,Lalit Yadav,rhb,"Rajiv Gandhi International Stadium, Uppal, Hyderabad",MiddleOvers,1,4.3168899509957654,11.887800024207136,40.43454972429764,1
Punjab Kings,JL Pattinson,,"Punjab Cricket Association IS Bindra Stadium, Mohali, Chandigarh",DeathOvers,1,4.0,8.0,51.67775412782867,1
Delhi Capitals,MA Agarwal,,Sheikh Zayed Stadium,MiddleOvers,0,5.614412487396004,25.875470641269985,61.00234582251237,0
Lucknow Super Giants,S Nadeem,lhb,"MA Chidambaram Stadium, Chepauk, Chennai",MiddleOvers,0,9.570718000615942,22.003127212717843,57.00511638314406,0
Chennai Super Kings,NS Naik,lhb,"Punjab Cricket Association IS Bindra Stadium, Mohali, Chandigarh",MiddleOvers,0,9.038279565505727,11.238142119035357,62.8865571658288,1
Lucknow Super Giants,B Kumar,rhb,"Barsapara Cricket Stadium, Guwahati",MiddleOvers,0,5.8624794779484795,16.061703790385266,47.09239884215943,0
Royal Challengers Bengaluru,DT Christian,,"Dr. Y.S. Rajasekhara Reddy ACA-VDCA Cricket Stadium, Visakhapatnam",Powerplay,1,8.623551411252318,18.610162958938034,50.14787308408969,1
Gujarat Titans,PWH de Silva,rhb,Sharjah Cricket Stadium,DeathOvers,0,6.792257363827453,20.55167769798518,47.974786643633756,0
Gujarat Titans,SB Dubey,lhb,"Maharaja Yadavindra Singh International Cricket Stadium, Mullanpur",DeathOvers,0,4.883199497891865,10.626063833387757,58.87155482042719,1
Royal Challengers Bangalore,C Green,,"Dr. Y.S. Rajasekhara Reddy ACA-VDCA Cricket Stadium, Visakhapatnam",DeathOvers,0,9.796632324186252,25.633297226715726,50.63649803357724,0
Rajasthan Royals,AS Roy,rhb,"Rajiv Gandhi International Stadium, Uppal, Hyderabad",MiddleOvers,0,4.0,24.85153172811988,63.38951895102396,0
Kings XI Punjab,SM Curran,,"Barsapara Cricket Stadium, Guwahati",MiddleOvers,0,6.22028543207953,18.949042352756354,50.27977355519831,0
Kings XI Punjab,A Zampa,lhb,"Barsapara Cricket Stadium, Guwahati",MiddleOvers,1,10.026625920596649,18.57708506934971,40.25258830589692,1
Lucknow Super Giants,A Mishra,,"Rajiv Gandhi International Stadium, Uppal, Hyderabad",Powerplay,0,11.313020256712473,19.54811585993503,62.835651524253706,0
Sunrisers Hyderabad,Shubman Gill,lhb,"Rajiv Gandhi International Stadium, Uppal, Hyderabad",DeathOvers,0,7.009629220266375,17.589384386356475,59.41526400115906,0
Punjab Kings,F du Plessis,,"Punjab Cricket Association IS Bindra Stadium, Mohali, Chandigarh",MiddleOvers,2,9.437643281327107,20.41964438347202,34.920482763237736,1
Delhi Capitals,Mohammed Siraj,,"Dr DY Patil Sports Academy, Mumbai",MiddleOvers,1,9.022488162821928,17.933957156905105,54.62893424823122,1
Kolkata Knight Riders,RA Tripathi,,"Maharaja Yadavindra Singh International Cricket Stadium, Mullanpur",DeathOvers,0,9.181106381303428,12.473402654329472,43.87515188818821,1
Kings XI Punjab,MS Wade,lhb,"M Chinnaswamy Stadium, Bengaluru",Powerplay,0,5.435315822865302,23.436026573263334,45.17754325251129,0
Sunrisers Hyderabad,AJ Tye,rhb,"Wankhede Stadium, Mumbai",MiddleOvers,0,5.125312246265553,14.843805231532508,44.239180555061715,1
Rajasthan Royals,CH Gayle,rhb,Sheikh Zayed Stadium,Powerplay,0,5.853820629654383,13.87037548988992,48.03323795441002,1
Mumbai Indians,RJ Gleeson,,"Bharat Ratna Shri Atal Bihari Vajpayee Ekana Cricket Stadium, Lucknow",DeathOvers,1,5.553630029191457,15.879195877020333,40.884049058984196,1
Chennai Super Kings,Fazalhaq Farooqi,lhb,"Himachal Pradesh Cricket Association Stadium, Dharamsala",DeathOvers,0,6.3870418056719735,13.301679243168486,29.770031974353415,1
Delhi Capitals,MA Agarwal,lhb,"Maharashtra Cricket Association Stadium, Pune",DeathOvers,0,8.673182168929205,16.940381911326273,52.19102512501479,0
Delhi Capitals,C Green,rhb,"Barsapara Cricket Stadium, Guwahati",DeathOvers,0,10.852144189726518,16.14752567156391,58.236991509806025,0
Lucknow Super Giants,Mujeeb Ur Rahman,lhb,"Eden Gardens, Kolkata",Powerplay,0,10.498613231492534,19.88547853935758,52.93034367452709,0
Lucknow Super Giants,TA Boult,lhb,"Arun Jaitley Stadium, Delhi",Powerplay,0,10.64707862329104,22.483563738410336,63.56545618247978,0
Royal Challengers Bangalore,Sikandar Raza,,"Maharashtra Cricket Association Stadium, Pune",DeathOvers,0,11.878560085706422,20.609515896430832,50.31579846012607,0
Kolkata Knight Riders,MR Marsh,rhb,"Brabourne Stadium, Mumbai",MiddleOvers,1,11.403268030209487,16.83749445805245,56.19564030470839,1
Gujarat Titans,PVD Chameera,,"Sawai Mansingh Stadium, Jaipur",MiddleOvers,1,8.297992725039247,23.574557042245342,41.04406696694461,1
Sunrisers Hyderabad,J Yadav,,Sharjah Cricket Stadium,Powerplay,0,13.844713383186157,19.493409404812994,23.688905065198522,0
Gujarat Titans,D Padikkal,rhb,"MA Chidambaram Stadium, Chepauk, Chennai",MiddleOvers,1,7.9255404169155375,16.088991573581833,32.657372896564596,1
Punjab Kings,NS Naik,lhb,"M Chinnaswamy Stadium, Bengaluru",DeathOvers,1,9.096769851407142,20.571655543033497,35.75944832345397,1
Royal Challengers Bengaluru,MM Ali,lhb,"Sawai Mansingh Stadium, Jaipur",MiddleOvers,0,11.788223713236869,17.603375046347153,65.54923651068282,0
Royal Challengers Bangalore,Sanvir Singh,,"MA Chidambaram Stadium, Chepauk, Chennai",MiddleOvers,1,9.804266047815965,15.888011041152819,57.9547294060921,1
Mumbai Indians,MA Wood,lhb,Dubai International Cricket Stadium,MiddleOvers,0,5.339958914279505,21.49494377059064,35.75151015100846,0
Kolkata Knight Riders,Harbhajan Singh,,"Arun Jaitley Stadium, Delhi",MiddleOvers,0,7.44009686713314,13.076599536248676,19.638300677796906,1
Delhi Capitals,Mohsin Khan,rhb,"Dr DY Patil Sports Academy, Mumbai",DeathOvers,2,8.107955293929578,22.311698819294833,59.05979418921545,1
Mumbai Indians,KS Sharma,rhb,Dubai International Cricket Stadium,DeathOvers,1,12.248434194810926,20.32430872454582,38.71359069441643,1
Gujarat Titans,SS Tiwary,rhb,"Dr. Y.S. Rajasekhara Reddy ACA-VDCA Cricket Stadium, Visakhapatnam",Powerplay,0,8.90442631074251,15.935226396676088,54.87983225120709,0
Sunrisers Hyderabad,RM Patidar,rhb,"Wankhede Stadium, Mumbai",Powerplay,2,7.032684172932138,22.450675011094717,50.727199828419394,1
Royal Challengers Bangalore,K Yadav,rhb,"Maharaja Yadavindra Singh International Cricket Stadium, Mullanpur",MiddleOvers,0,10.07610779553163,8.0,72.94947392587571,1
Kolkata Knight Riders,Sameer Rizvi,,"Sawai Mansingh Stadium, Jaipur",Powerplay,1,7.971990024407393,15.989541301271027,61.83473593337435,1
Royal Challengers Bangalore,HH Pandya,lhb,"Dr. Y.S. Rajasekhara Reddy ACA-VDCA Cricket Stadium, Visakhapatnam",MiddleOvers,0,12.026774315023852,16.110809472768537,43.550385716556704,0
Mumbai Indians,Rasikh Salam,lhb,Sheikh Zayed Stadium,Powerplay,0,7.068172357452694,18.893840118447237,37.88869683358841,0
Lucknow Super Giants,Liton Das,,"Barsapara Cricket Stadium, Guwahati",MiddleOvers,0,6.998911802708367,25.60218663962376,48.72564359331386,0
Mumbai Indians,PWH de Silva,lhb,Sharjah Cricket Stadium,Powerplay,2,6.998707980355389,10.185622837342379,48.46131065013098,1
Kings XI Punjab,AJ Tye,lhb,"Narendra Modi Stadium, Ahmedabad",DeathOvers,1,10.502163277759397,17.298253089444216,43.0725233142923,1
Delhi Capitals,N Rana,rhb,"Maharashtra Cricket Association Stadium, Pune",DeathOvers,0,10.989358442419292,22.39853048802653,57.75857069844249,0
Delhi Capitals,Kartik Tyagi,rhb,"Maharashtra Cricket Association Stadium, Pune",Powerplay,0,4.319761951459251,22.5515728780606,55.80342519519512,0
Delhi Capitals,Shakib Al Hasan,lhb,"Wankhede Stadium, Mumbai",MiddleOvers,2,5.314817155659731,9.384544572399605,23.518068843876794,1
Royal Challengers Bengaluru,MJ Santner,,"Rajiv Gandhi International Stadium, Uppal, Hyderabad",Powerplay,0,7.4714356328193094,20.475845046565343,43.64406964329593,0
Gujarat Titans,CV Varun,,"M Chinnaswamy Stadium, Bengaluru",DeathOvers,1,8.40313373862869,19.457688958471753,20.21084079183251,1
Delhi Capitals,Sandeep Sharma,lhb,"Barsapara Cricket Stadium, Guwahati",MiddleOvers,0,12.8115809631722,17.413350637039194,59.582986825672606,0
Gujarat Titans,OF Smith,lhb,"Narendra Modi Stadium, Ahmedabad",MiddleOvers,0,11.281411645316139,11.761511066026781,49.36939577035143,1
Mumbai Indians,WP Saha,,"Himachal Pradesh Cricket Association Stadium, Dharamsala",MiddleOvers,0,10.484318825452545,25.951864885412487,17.646704508353338,0
Punjab Kings,Kumar Kushagra,lhb,"Maharaja Yadavindra Singh International Cricket Stadium, Mullanpur",MiddleOvers,2,4.0,15.50359868947216,29.708419247816938,1
Punjab Kings,AF Milne,rhb,"Dr. Y.S. Rajasekhara Reddy ACA-VDCA Cricket Stadium, Visakhapatnam",Powerplay,1,7.031756139785086,19.450559968546283,42.80409766005706,1
Royal Challengers Bangalore,Simarjeet Singh,rhb,"Maharaja Yadavindra Singh International Cricket Stadium, Mullanpur",Powerplay,2,8.415420002365297,16.67460146930126,26.74998248165492,1
Sunrisers Hyderabad,KL Rahul,,Sharjah Cricket Stadium,MiddleOvers,0,7.314604680741099,16.790464062485455,51.44386005401947,0
Punjab Kings,DA Warner,lhb,"Narendra Modi Stadium, Ahmedabad",Powerplay,0,8.114308136451974,8.193758759653813,41.140150295646045,1
Kings XI Punjab,DG Nalkande,lhb,"Eden Gardens, Kolkata",MiddleOvers,0,8.859906121986036,16.80331693184171,58.102398606804094,0
Mumbai Indians,Ishan Kishan,lhb,"Sawai Mansingh Stadium, Jaipur",DeathOvers,0,8.25833113988715,10.925384824325043,44.48819543735023,1
Sunrisers Hyderabad,KH Pandya,rhb,"Bharat Ratna Shri Atal Bihari Vajpayee Ekana Cricket Stadium, Lucknow",DeathOvers,0,6.0419585626987935,23.098863477430207,52.812177275507054,0
Chennai Super Kings,K Rabada,lhb,"Arun Jaitley Stadium, Delhi",DeathOvers,0,9.545232818994537,29.488825460376766,41.89237902076663,0
Gujarat Titans,Priyansh Arya,lhb,"Zayed Cricket Stadium, Abu Dhabi",Powerplay,1,9.674742757962763,16.759051190371725,47.61931405313432,1
Royal Challengers Bangalore,Aniket Verma,lhb,"Maharashtra Cricket Association Stadium, Pune",MiddleOvers,0,7.01205114009511,22.419694432396184,28.64706886267171,0
Gujarat Titans,Abdul Basith,,"Rajiv Gandhi International Stadium, Uppal, Hyderabad",Powerplay,0,7.488559802815667,20.90492266207792,39.583313904149904,0
Delhi Capitals,PHKD Mendis,lhb,"Maharashtra Cricket Association Stadium, Pune",MiddleOvers,1,6.144859036185022,21.449975080637223,48.916247668740596,1
Chennai Super Kings,JO Holder,rhb,"Maharashtra Cricket Association Stadium, Pune",MiddleOvers,0,7.198862491552351,23.20303100151977,45.712558133157735,0
Lucknow Super Giants,Arshad Khan,rhb,"MA Chidambaram Stadium, Chepauk, Chennai",DeathOvers,1,6.381048016060333,20.14585471657247,76.24126097019158,1
Chennai Super Kings,Fazalhaq Farooqi,,"Dr DY Patil Sports Academy, Mumbai",Powerplay,1,10.863961571090785,13.732893770682585,15.55614463711651,1
Sunrisers Hyderabad,C Sakariya,lhb,"Barsapara Cricket Stadium, Guwahati",Powerplay,0,8.082866346979865,15.429128674816667,30.562421051208393,0
Gujarat Titans,MW Short,rhb,Sharjah Cricket Stadium,DeathOvers,0,7.705249308835037,9.850889744383414,64.45850832230572,1
Mumbai Indians,AS Joseph,rhb,"Brabourne Stadium, Mumbai",DeathOvers,1,8.309474897933157,13.054199582823658,57.26403838049366,1
Royal Challengers Bangalore,DJ Willey,lhb,"Barsapara Cricket Stadium, Guwahati",MiddleOvers,0,11.735834139767594,15.22686412353661,54.36996123570138,0
Lucknow Super Giants,Shahbaz Ahmed,,"Bharat Ratna Shri Atal Bihari Vajpayee Ekana Cricket Stadium, Lucknow",Powerplay,2,7.893104574867434,8.0,36.06213847315584,1
Lucknow Super Giants,A Nortje,rhb,"Dr. Y.S. Rajasekhara Reddy ACA-VDCA Cricket Stadium, Visakhapatnam",Powerplay,0,11.514885656785282,21.6291079568373,67.14565032979905,0
Delhi Capitals,AT Rayudu,rhb,"Brabourne Stadium, Mumbai",Powerplay,2,4.067473385623483,12.231836761708173,40.04345573963499,1
Punjab Kings,A Manohar,lhb,"Narendra Modi Stadium, Ahmedabad",Powerplay,1,6.978342096272531,16.56274825315406,31.318574084072907,1
Royal Challengers Bangalore,HH Pandya,,"Arun Jaitley Stadium, Delhi",Powerplay,0,9.720405516814136,11.459660384337475,45.08430797571941,1
Rajasthan Royals,A Nortje,rhb,"Punjab Cricket Association IS Bindra Stadium, Mohali, Chandigarh",MiddleOvers,0,10.674746453083067,23.99285695208797,31.907416424401823,0
Royal Challengers Bangalore,I Sharma,rhb,"Dr. Y.S. Rajasekhara Reddy ACA-VDCA Cricket Stadium, Visakhapatnam",Powerplay,0,8.377912979202454,17.82949999732759,12.869133003750676,0
Delhi Capitals,Umran Malik,lhb,"Narendra Modi Stadium, Ahmedabad",DeathOvers,0,8.810039817412472,14.47368057095174,36.03619461824452,1
Rajasthan Royals,Mohsin Khan,lhb,"Dr. Y.S. Rajasekhara Reddy ACA-VDCA Cricket Stadium, Visakhapatnam",MiddleOvers,0,12.232310802606463,8.0,34.111378891938266,1
Kolkata Knight Riders,AJ Hosein,lhb,"Wankhede Stadium, Mumbai",MiddleOvers,1,4.0,16.67883733852999,28.88153591501484,1
Royal Challengers Bangalore,Harpreet Singh,lhb,"Brabourne Stadium, Mumbai",Powerplay,0,10.806346912575558,14.322875435430586,39.25099086759341,1
Mumbai Indians,Aniket Verma,rhb,"Sawai Mansingh Stadium, Jaipur",Powerplay,1,8.378262904544668,15.58138745694473,54.64314229438116,1
Mumbai Indians,GJ Maxwell,,"Bharat Ratna Shri Atal Bihari Vajpayee Ekana Cricket Stadium, Lucknow",MiddleOvers,2,6.375821591390008,17.233000151730177,43.37446042173268,1
Lucknow Super Giants,DJ Malan,,"Punjab Cricket Association IS Bindra Stadium, Mohali, Chandigarh",DeathOvers,0,5.363894258328769,23.252534564590274,26.60995722097268,1
Royal Challengers Bengaluru,JDS Neesham,,"Eden Gardens, Kolkata",DeathOvers,0,8.962865741816591,21.704272337281694,54.24966085946919,0
Royal Challengers Bengaluru,CR Woakes,lhb,"Narendra Modi Stadium, Ahmedabad",Powerplay,0,8.932443609423643,23.248701394084343,34.97514806493862,0
Royal Challengers Bengaluru,G Coetzee,lhb,"Dr. Y.S. Rajasekhara Reddy ACA-VDCA Cricket Stadium, Visakhapatnam",DeathOvers,0,11.228742255727818,21.547082931161697,43.59768290887568,0
Gujarat Titans,Ashutosh Sharma,lhb,"MA Chidambaram Stadium, Chepauk, Chennai",Powerplay,0,8.80741693852936,20.01882373743433,47.79514188898452,0
Royal Challengers Bangalore,KA Jamieson,lhb,"Rajiv Gandhi International Stadium, Uppal, Hyderabad",MiddleOvers,2,6.7689966786031075,22.650555766293948,56.21376388688327,1
Kolkata Knight Riders,P Dubey,lhb,"Punjab Cricket Association IS Bindra Stadium, Mohali, Chandigarh",MiddleOvers,0,9.757193187149344,14.798216472150406,40.864480988879194,1
Royal Challengers Bengaluru,C Sakariya,,"Bharat Ratna Shri Atal Bihari Vajpayee Ekana Cricket Stadium, Lucknow",DeathOvers,0,7.690768752270521,15.906292429193,46.55102946581855,0
Royal Challengers Bengaluru,AS Rajpoot,lhb,"Arun Jaitley Stadium, Delhi",DeathOvers,0,6.853455648621327,10.079949626373025,52.61050379234242,1
Sunrisers Hyderabad,Mukesh Kumar,lhb,"Eden Gardens, Kolkata",DeathOvers,1,9.205196608618184,11.625593073164117,38.94653624809497,1
Punjab Kings,D Pretorius,,"Maharashtra Cricket Association Stadium, Pune",DeathOvers,0,8.11045892899522,21.588017977166267,26.620675505723774,0
Rajasthan Royals,N Pooran,rhb,"Sawai Mansingh Stadium, Jaipur",Powerplay,1,6.5026936445675005,20.827081789884957,54.25252508646192,1
Punjab Kings,V Shankar,,"Wankhede Stadium, Mumbai",DeathOvers,0,5.7673658569179835,13.171680021068873,62.182344480972034,1
Punjab Kings,HC Brook,rhb,Dubai International Cricket Stadium,DeathOvers,0,8.571074990063073,8.636563917270987,59.05267175920113,1
Sunrisers Hyderabad,KD Karthik,rhb,"Punjab Cricket Association IS Bindra Stadium, Mohali, Chandigarh",Powerplay,0,8.202678987069309,22.067327320490087,55.04488493808909,0
Rajasthan Royals,DJ Bravo,lhb,"Rajiv Gandhi International Stadium, Uppal, Hyderabad",DeathOvers,1,13.69649937554844,24.370203285532508,57.70964321021184,1
Chennai Super Kings,CR Woakes,rhb,"M Chinnaswamy Stadium, Bengaluru",DeathOvers,0,7.677497122785683,30.0,58.25981406429361,0
Gujarat Titans,Suryansh Shedge,,"Zayed Cricket Stadium, Abu Dhabi",DeathOvers,0,9.171005467861018,21.71895963626973,39.062018381794296,0
Kolkata Knight Riders,MM Ali,lhb,"Eden Gardens, Kolkata",DeathOvers,0,7.260607303635021,15.351249268782158,54.508945154972665,0
Rajasthan Royals,AF Milne,,"Maharashtra Cricket Association Stadium, Pune",DeathOvers,0,4.730584995460317,16.48572313436754,63.38338840979075,0
Kings XI Punjab,PJ Sangwan,rhb,Sharjah Cricket Stadium,Powerplay,0,8.380209338586102,23.14785434800044,50.4764466385939,0
Royal Challengers Bangalore,JR Hazlewood,lhb,"Arun Jaitley Stadium, Delhi",MiddleOvers,0,9.50377802923902,19.065854010050224,38.58560163800219,0
Kolkata Knight Riders,AD Russell,lhb,"Zayed Cricket Stadium, Abu Dhabi",MiddleOvers,0,10.089507828759922,16.719614349745925,60.61671213406535,0
Lucknow Super Giants,R Powell,lhb,"Arun Jaitley Stadium, Delhi",DeathOvers,2,9.481761463870427,22.16241693503705,18.956265020558067,1
Lucknow Super Giants,LB Williams,,"Sawai Mansingh Stadium, Jaipur",MiddleOvers,2,7.773263530011534,17.397565912619676,45.947862031862556,1
Mumbai Indians,CV Varun,,"MA Chidambaram Stadium, Chepauk, Chennai",Powerplay,0,12.301364947332209,18.173333366439167,52.01612368047814,0
Lucknow Super Giants,JJ Roy,lhb,"Punjab Cricket Association IS Bindra Stadium, Mohali, Chandigarh",DeathOvers,0,7.903787655802758,14.886866148295859,64.42891235896977,1
Delhi Capitals,KL Rahul,,"Himachal Pradesh Cricket Association Stadium, Dharamsala",MiddleOvers,1,4.702701731432509,13.943550287708035,53.628003770303835,1
Kolkata Knight Riders,JM Bairstow,rhb,Sharjah Cricket Stadium,DeathOvers,1,8.359246991686247,23.092524643096212,37.13463663827468,1
Rajasthan Royals,F du Plessis,,"Himachal Pradesh Cricket Association Stadium, Dharamsala",DeathOvers,0,11.749558793644674,21.07569301822458,62.88584470114918,0
Mumbai Indians,DL Chahar,lhb,"Brabourne Stadium, Mumbai",MiddleOvers,0,7.818733478334121,19.023243398225613,49.99855404410354,0
Royal Challengers Bangalore,DT Christian,rhb,"Himachal Pradesh Cricket Association Stadium, Dharamsala",MiddleOvers,2,9.420604810239405,12.727810549416969,58.40140723666623,1
Chennai Super Kings,T Natarajan,lhb,"Zayed Cricket Stadium, Abu Dhabi",Powerplay,0,10.375761950185286,11.49474609846855,41.81589452619753,1
Sunrisers Hyderabad,SA Abbott,lhb,"Maharaja Yadavindra Singh International Cricket Stadium, Mullanpur",Powerplay,2,8.145194745336564,19.762385497806644,79.9765361218004,1
Sunrisers Hyderabad,Saurav Chauhan,,"Dr DY Patil Sports Academy, Mumbai",Powerplay,0,9.122671228883062,14.353560234046789,35.25637114382502,1
Royal Challengers Bangalore,Ashutosh Sharma,rhb,"MA Chidambaram Stadium, Chepauk, Chennai",MiddleOvers,0,5.12213257551171,21.065402899854554,58.8152785465617,0
Kings XI Punjab,Yash Dayal,lhb,"Arun Jaitley Stadium, Delhi",Powerplay,0,10.153859721831637,22.919854259861854,46.545721038767965,0
Rajasthan Royals,DW Steyn,rhb,"Brabourne Stadium, Mumbai",Powerplay,1,7.506957273236658,17.6759047128142,62.473830238122375,1
Rajasthan Royals,Mohsin Khan,lhb,"Sawai Mansingh Stadium, Jaipur",MiddleOvers,0,7.474218396787517,18.870360240481467,32.47837022975949,0
Mumbai Indians,J Fraser-McGurk,rhb,"Rajiv Gandhi International Stadium, Uppal, Hyderabad",MiddleOvers,0,5.4610490605536945,23.91430389551219,36.60392859693952,0
Gujarat Titans,KS Sharma,,"Himachal Pradesh Cricket Association Stadium, Dharamsala",DeathOvers,0,8.34219601241943,20.80102263042571,23.679916697805854,0
Rajasthan Royals,AM Rahane,lhb,"Wankhede Stadium, Mumbai",MiddleOvers,1,8.335045313144958,20.30973495467008,59.756726494341535,1
Gujarat Titans,Rahmanullah Gurbaz,lhb,"Narendra Modi Stadium, Ahmedabad",DeathOvers,0,8.16681767771699,19.284422724629824,24.182439453790263,0
Royal Challengers Bengaluru,J Fraser-McGurk,rhb,Sheikh Zayed Stadium,MiddleOvers,1,8.990784918205584,14.206471507659352,16.369229091594164,1
Gujarat Titans,SP Narine,,"Eden Gardens, Kolkata",DeathOvers,1,10.835065554327157,19.026820465053376,66.15531165338261,1
Sunrisers Hyderabad,V Kohli,lhb,Sheikh Zayed Stadium,DeathOvers,0,6.785404523570294,21.72103335631074,56.909965408526794,0
Chennai Super Kings,Simarjeet Singh,,"Sawai Mansingh Stadium, Jaipur",DeathOvers,0,5.593480219306385,11.444992381924834,22.467545946210397,1
Chennai Super Kings,N Rana,,"Bharat Ratna Shri Atal Bihari Vajpayee Ekana Cricket Stadium, Lucknow",Powerplay,0,8.799258221238171,14.65385657256539,21.015485783221344,1
Kings XI Punjab,SO Hetmyer,lhb,"Arun Jaitley Stadium, Delhi",Powerplay,0,8.760511628934971,18.116817296828863,47.670271817012654,0
Kings XI Punjab,SP Goswami,lhb,"Maharashtra Cricket Association Stadium, Pune",Powerplay,1,7.300963842629227,11.187449137170283,51.39011776197968,1
Royal Challengers Bangalore,PP Shaw,lhb,"Narendra Modi Stadium, Ahmedabad",Powerplay,0,7.252053880342095,14.71878610310474,53.24289278764569,1
Delhi Capitals,C Sakariya,,"Barsapara Cricket Stadium, Guwahati",DeathOvers,0,11.136003682818743,11.619673828146645,56.60378913025555,1
Lucknow Super Giants,Mukesh Kumar,lhb,"Maharaja Yadavindra Singh International Cricket Stadium, Mullanpur",Powerplay,0,11.805859600466384,17.010408981562286,46.98588470234692,0
Punjab Kings,AJ Finch,,"Eden Gardens, Kolkata",MiddleOvers,0,9.757318751075553,21.245314764985473,35.7384175530114,0
Delhi Capitals,Shubman Gill,rhb,Sheikh Zayed Stadium,Powerplay,0,8.65574245031615,13.202725241270432,51.2109124847034,1
Royal Challengers Bangalore,R Minz,,Sheikh Zayed Stadium,DeathOvers,0,6.265342842538847,24.969098175355292,32.37458398544936,0
Punjab Kings,R Dhawan,,Sharjah Cricket Stadium,DeathOvers,0,9.624928452151867,17.656406088445113,41.460815511198746,0
Gujarat Titans,AT Rayudu,rhb,"Zayed Cricket Stadium, Abu Dhabi",Powerplay,1,6.111183095713037,13.409619657580725,43.39600722713092,1
Delhi Capitals,Shubman Gill,lhb,"Maharaja Yadavindra Singh International Cricket Stadium, Mullanpur",MiddleOvers,0,9.303996931704825,14.34433208758942,29.78339183250791,1
Sunrisers Hyderabad,Mandeep Singh,lhb,"Arun Jaitley Stadium, Delhi",MiddleOvers,0,6.663269381583818,24.1929928673368,50.77996097018703,0
Delhi Capitals,LS Livingstone,lhb,"Dr DY Patil Sports Academy, Mumbai",Powerplay,0,5.232900697380086,17.213332135172923,22.946335142771417,1
Delhi Capitals,TL Seifert,lhb,"Wankhede Stadium, Mumbai",MiddleOvers,0,9.045516922273878,23.08413710248078,42.25618413412424,0
Royal Challengers Bengaluru,HC Brook,,Dubai International Cricket Stadium,DeathOvers,2,11.780283825786135,24.16375076551885,35.188669592653156,1
Gujarat Titans,PHKD Mendis,lhb,Sheikh Zayed Stadium,MiddleOvers,2,8.801708676660482,11.482912282324419,31.175154117704075,1
Gujarat Titans,JDS Neesham,lhb,"Dr. Y.S. Rajasekhara Reddy ACA-VDCA Cricket Stadium, Visakhapatnam",MiddleOvers,0,6.383302592074555,9.970841130453648,33.221060560246144,1
Royal Challengers Bengaluru,NS Naik,rhb,"Eden Gardens, Kolkata",Powerplay,0,9.853179080844962,25.170743887706195,44.885596172891034,0
Rajasthan Royals,AR Patel,,"MA Chidambaram Stadium, Chepauk, Chennai",DeathOvers,1,11.060914036367405,13.383002639497889,53.03634890421713,1
Kolkata Knight Riders,RV Patel,lhb,"Himachal Pradesh Cricket Association Stadium, Dharamsala",Powerplay,0,7.3286244135712195,8.0,35.95037063690136,1
Royal Challengers Bangalore,SA Abbott,rhb,"MA Chidambaram Stadium, Chepauk, Chennai",DeathOvers,0,9.1180754117991,17.88818158878338,53.99387062399858,0
Punjab Kings,DJ Willey,rhb,"MA Chidambaram Stadium, Chepauk, Chennai",Powerplay,0,11.011218497657222,11.987672707442417,17.72354964453517,1
Gujarat Titans,HC Brook,,"Maharaja Yadavindra Singh International Cricket Stadium, Mullanpur",DeathOvers,0,6.866250759702474,18.671288403712783,36.981328067830866,0
Chennai Super Kings,N Wadhera,,"MA Chidambaram Stadium, Chepauk, Chennai",DeathOvers,2,7.6941448772458285,16.24989835360506,38.10694371628151,1
Kolkata Knight Riders,MS Wade,lhb,"Dr. Y.S. Rajasekhara Reddy ACA-VDCA Cricket Stadium, Visakhapatnam",MiddleOvers,1,10.177595761306147,15.477722213890553,46.74345658518347,1
Mumbai Indians,Arshad Khan,rhb,"Dr DY Patil Sports Academy, Mumbai",MiddleOvers,1,12.154255819448007,24.810940813539116,76.37952678315244,1
Kings XI Punjab,MG Bracewell,,"Maharashtra Cricket Association Stadium, Pune",DeathOvers,0,10.030148114877301,14.223044179914224,40.49187971222194,1
Royal Challengers Bengaluru,TL Seifert,rhb,"Himachal Pradesh Cricket Association Stadium, Dharamsala",MiddleOvers,0,5.6499160426375585,25.044739213642092,49.234693757496075,0
Chennai Super Kings,Tanush Kotian,lhb,"Arun Jaitley Stadium, Delhi",Powerplay,1,5.240320790926984,13.796968613263374,22.363794701983547,1
Kolkata Knight Riders,RR Rossouw,,"Zayed Cricket Stadium, Abu Dhabi",Powerplay,1,8.44400770558366,11.706756141121287,61.76097863324228,1
Punjab Kings,PN Mankad,,"Dr. Y.S. Rajasekhara Reddy ACA-VDCA Cricket Stadium, Visakhapatnam",Powerplay,0,5.280202450236549,8.907884213992658,61.68590780963008,1
Mumbai Indians,Arshad Khan,,Sharjah Cricket Stadium,Powerplay,0,14.0,22.292487052826573,20.90079443234236,0
Mumbai Indians,Mandeep Singh,lhb,"Bharat Ratna Shri Atal Bihari Vajpayee Ekana Cricket Stadium, Lucknow",MiddleOvers,0,11.062313722341159,22.106445364235164,74.35418837792979,0
Kings XI Punjab,RP Meredith,rhb,"Bharat Ratna Shri Atal Bihari Vajpayee Ekana Cricket Stadium, Lucknow",MiddleOvers,0,9.154150325801469,22.323402418542397,49.071601218512164,0
Royal Challengers Bangalore,Sachin Baby,,"Rajiv Gandhi International Stadium, Uppal, Hyderabad",Powerplay,1,12.163510546301994,13.64066503966559,52.52271678349872,1
Rajasthan Royals,Yudhvir Singh,rhb,"Bharat Ratna Shri Atal Bihari Vajpayee Ekana Cricket Stadium, Lucknow",MiddleOvers,1,7.963604381084298,22.656168186019386,58.0591478091192,1
Delhi Capitals,KS Bharat,rhb,"Sawai Mansingh Stadium, Jaipur",MiddleOvers,0,7.745959445666827,13.241115691862136,35.09207376039149,1
Kolkata Knight Riders,Rashid Khan,lhb,Dubai International Cricket Stadium,MiddleOvers,0,7.816124180676164,17.0422255623882,21.112335402928913,0
Delhi Capitals,T Kohler-Cadmore,lhb,"Arun Jaitley Stadium, Delhi",MiddleOvers,2,8.35865042371131,13.570153470512501,51.04175047865229,1
Chennai Super Kings,RM Patidar,rhb,"Eden Gardens, Kolkata",MiddleOvers,2,11.636645840789834,10.428533664933104,59.32036759106326,1
Chennai Super Kings,RR Pant,,"Himachal Pradesh Cricket Association Stadium, Dharamsala",Powerplay,0,4.9388538238431625,14.672611957238795,36.378384319206795,1
Chennai Super Kings,M Prasidh Krishna,,"Himachal Pradesh Cricket Association Stadium, Dharamsala",DeathOvers,2,7.715562089744319,24.542823156352583,35.71213827799556,1
Chennai Super Kings,DL Chahar,rhb,Dubai International Cricket Stadium,Powerplay,1,11.141615211274456,11.997629947235986,53.42499938852867,1
Royal Challengers Bangalore,Akash Deep,,"Himachal Pradesh Cricket Association Stadium, Dharamsala",Powerplay,2,11.455797762867485,17.06228000870387,39.75439588026317,1
Chennai Super Kings,Abhishek Sharma,rhb,"Arun Jaitley Stadium, Delhi",Powerplay,2,14.0,14.039227579457286,36.86069970166983,1
Lucknow Super Giants,KS Williamson,lhb,"MA Chidambaram Stadium, Chepauk, Chennai",Powerplay,0,8.024326585671936,15.836105086810564,47.04053829914156,0
Gujarat Titans,CR Woakes,lhb,"Arun Jaitley Stadium, Delhi",Powerplay,0,6.136069677784716,18.83208745282521,40.71987663978897,0
Delhi Capitals,A Badoni,,"MA Chidambaram Stadium, Chepauk, Chennai",MiddleOvers,1,9.97206838292982,22.856603110648315,60.85256500140099,1
Delhi Capitals,HV Patel,lhb,"Dr DY Patil Sports Academy, Mumbai",MiddleOvers,1,10.168224774158908,10.853675922020289,39.08493268935553,1
Lucknow Super Giants,PP Chawla,lhb,"Dr DY Patil Sports Academy, Mumbai",MiddleOvers,0,10.547516201663626,21.724128851007052,52.96422489146492,0
Lucknow Super Giants,Aman Hakim Khan,rhb,"Maharaja Yadavindra Singh International Cricket Stadium, Mullanpur",DeathOvers,0,10.29585987993209,19.348495385287684,52.66929582999534,0
Kings XI Punjab,DG Nalkande,rhb,"Maharaja Yadavindra Singh International Cricket Stadium, Mullanpur",DeathOvers,0,9.798618463220446,14.002360211721456,51.464336996345615,1
Punjab Kings,SK Rasheed,,"Rajiv Gandhi International Stadium, Uppal, Hyderabad",MiddleOvers,0,7.33251848954677,18.272507570770205,64.55798759840525,0
Sunrisers Hyderabad,Ramandeep Singh,lhb,"Brabourne Stadium, Mumbai",DeathOvers,0,12.211095027298203,18.303555854042344,42.486569520097326,0
Kolkata Knight Riders,Shakib Al Hasan,,"Sawai Mansingh Stadium, Jaipur",MiddleOvers,0,7.95580198441141,20.880854673674946,30.99713058987293,0
Chennai Super Kings,R Sanjay Yadav,,"Eden Gardens, Kolkata",Powerplay,0,9.052830415247971,15.1851659850897,36.55114057295814,0
Royal Challengers Bangalore,PP Shaw,lhb,"Maharashtra Cricket Association Stadium, Pune",MiddleOvers,0,7.125690159561454,15.667007862464667,57.19840312374007,0
Sunrisers Hyderabad,TK Curran,rhb,"MA Chidambaram Stadium, Chepauk, Chennai",MiddleOvers,0,9.970158873569137,22.897095547430467,40.43924393128749,0
Punjab Kings,J Fraser-McGurk,,"Wankhede Stadium, Mumbai",Powerplay,0,9.186047515570984,19.18639077282526,51.618733430460665,0
Mumbai Indians,Abdul Samad,,"M Chinnaswamy Stadium, Bengaluru",MiddleOvers,0,10.86319415831488,19.67791556715384,21.402446653331715,0
Lucknow Super Giants,K Yadav,lhb,Sharjah Cricket Stadium,Powerplay,0,6.972698385717217,14.420732655790937,36.24272977926575,1
Royal Challengers Bangalore,Tilak Varma,rhb,"MA Chidambaram Stadium, Chepauk, Chennai",DeathOvers,1,6.444315358622234,20.051034484404486,32.77673245769563,1
Kolkata Knight Riders,CH Morris,lhb,Sharjah Cricket Stadium,Powerplay,0,11.217656305325717,11.14591389618551,48.9539513192467,1
Mumbai Indians,HR Shokeen,lhb,"M Chinnaswamy Stadium, Bengaluru",Powerplay,0,6.970686122405521,15.241623940430287,47.705359307681505,0
Gujarat Titans,Mohsin Khan,rhb,"Himachal Pradesh Cricket Association Stadium, Dharamsala",Powerplay,0,14.0,8.20904265580389,79.85412804161797,1
Punjab Kings,KR Mayers,,"Barsapara Cricket Stadium, Guwahati",Powerplay,0,9.448996081252192,25.7061362442423,52.73144573628694,0
Lucknow Super Giants,Yash Dayal,lhb,"Narendra Modi Stadium, Ahmedabad",MiddleOvers,0,8.141325403669542,20.70476872445939,26.253232238165406,0
Kings XI Punjab,MA Agarwal,lhb,"Arun Jaitley Stadium, Delhi",Powerplay,0,11.289188251900512,15.477243589592366,46.15931544028413,0
Gujarat Titans,PHKD Mendis,,"Punjab Cricket Association IS Bindra Stadium, Mohali, Chandigarh",DeathOvers,0,10.443519721887522,11.035573490272762,15.187646694737815,1
Punjab Kings,CR Woakes,,"Arun Jaitley Stadium, Delhi",Powerplay,0,10.800682565983898,26.170230313633496,58.6032663006406,0
Mumbai Indians,KA Jamieson,,"Maharaja Yadavindra Singh International Cricket Stadium, Mullanpur",Powerplay,0,9.419562919182793,10.911569771320185,10.0,1
Mumbai Indians,PJ Cummins,,Sheikh Zayed Stadium,MiddleOvers,0,4.066268510512898,11.936079446421198,48.78122929488901,1
Rajasthan Royals,Shakib Al Hasan,rhb,"Maharashtra Cricket Association Stadium, Pune",DeathOvers,0,5.11324305976076,20.169701794743872,47.277518033927656,0
Punjab Kings,Navdeep Saini,,"MA Chidambaram Stadium, Chepauk, Chennai",Powerplay,0,8.876667928292608,13.791550934851529,14.977420023554874,1
Lucknow Super Giants,Harpreet Brar,rhb,"Maharashtra Cricket Association Stadium, Pune",MiddleOvers,0,11.639363165566037,13.898079115497765,46.015596865482756,1
Punjab Kings,PVD Chameera,,"Rajiv Gandhi International Stadium, Uppal, Hyderabad",DeathOvers,0,5.020263660239383,13.304792331028878,36.94814949672231,1
Rajasthan Royals,SP Goswami,lhb,"Bharat Ratna Shri Atal Bihari Vajpayee Ekana Cricket Stadium, Lucknow",DeathOvers,0,8.39577054059745,25.496118746285966,56.48209810551471,0
Royal Challengers Bangalore,AK Markram,lhb,"Zayed Cricket Stadium, Abu Dhabi",MiddleOvers,0,8.449448426679899,26.487756526139542,76.71961025129397,0
Royal Challengers Bengaluru,Harpreet Singh,lhb,"Bharat Ratna Shri Atal Bihari Vajpayee Ekana Cricket Stadium, Lucknow",MiddleOvers,0,5.15952188046929,18.303738961254872,38.55858852141618,0
Kolkata Knight Riders,Shashank Singh,rhb,"Sawai Mansingh Stadium, Jaipur",MiddleOvers,0,11.161343384853911,16.200541250672757,42.22026624936741,0
Punjab Kings,SR Watson,lhb,"Eden Gardens, Kolkata",Powerplay,1,10.853167432844254,16.5410590268476,34.327683152057915,1
Delhi Capitals,Washington Sundar,lhb,"Sawai Mansingh Stadium, Jaipur",Powerplay,1,10.188590962464783,25.376530294065475,50.93029620501429,1
Delhi Capitals,JR Hazlewood,rhb,Dubai International Cricket Stadium,Powerplay,0,8.101738317616709,16.63947351222164,42.35809398513999,0
Delhi Capitals,AD Russell,,"Barsapara Cricket Stadium, Guwahati",DeathOvers,1,7.189581948935377,18.801717460163175,50.127848193808376,1
Lucknow Super Giants,Rashid Khan,,"Punjab Cricket Association IS Bindra Stadium, Mohali, Chandigarh",MiddleOvers,0,5.540625705712851,15.406544638867896,23.824512671216976,1
Gujarat Titans,C Green,lhb,"Brabourne Stadium, Mumbai",MiddleOvers,0,8.396755607052187,18.103619237347687,69.59218806143909,0
Kings XI Punjab,Mohit Rathee,lhb,"Narendra Modi Stadium, Ahmedabad",Powerplay,0,8.985145068473624,20.268785004976305,52.242351227441816,0
Lucknow Super Giants,WG Jacks,rhb,"Maharashtra Cricket Association Stadium, Pune",Powerplay,2,9.355461915434146,18.829453481557348,37.12363764842911,1
Punjab Kings,AK Markram,rhb,"Bharat Ratna Shri Atal Bihari Vajpayee Ekana Cricket Stadium, Lucknow",Powerplay,1,5.00996210849045,11.478755637356343,57.68153880929745,1
Kolkata Knight Riders,P Dubey,,"Narendra Modi Stadium, Ahmedabad",MiddleOvers,0,6.9591766994564885,22.487940043744985,46.814901773648764,0
Delhi Capitals,Nithish Kumar Reddy,,"Brabourne Stadium, Mumbai",Powerplay,0,9.317604784609296,12.749909902278398,44.852404658625545,1
Gujarat Titans,UT Yadav,,Sheikh Zayed Stadium,MiddleOvers,0,10.134566033483233,13.878372354421707,28.6324850162184,1
Mumbai Indians,MD Shanaka,,"Wankhede Stadium, Mumbai",Powerplay,0,10.529943231835956,30.0,60.003078646349195,0
Mumbai Indians,DA Warner,lhb,"Maharaja Yadavindra Singh International Cricket Stadium, Mullanpur",MiddleOvers,0,8.995287988343229,12.407419099270452,53.72201599457871,1
Chennai Super Kings,HC Brook,rhb,"Dr. Y.S. Rajasekhara Reddy ACA-VDCA Cricket Stadium, Visakhapatnam",MiddleOvers,2,8.19052591883729,21.827142768751557,63.25256880231024,1
Gujarat Titans,R Powell,rhb,"Dr DY Patil Sports Academy, Mumbai",MiddleOvers,0,6.720590912665701,13.219637536850136,43.504132017130495,1
Royal Challengers Bengaluru,WG Jacks,,"Maharaja Yadavindra Singh International Cricket Stadium, Mullanpur",DeathOvers,1,12.814924711030262,19.672185173283918,47.78579759410833,1
Royal Challengers Bangalore,KR Mayers,lhb,"Wankhede Stadium, Mumbai",DeathOvers,1,7.97695954943537,16.43184172497285,31.09207673164694,1
Gujarat Titans,Kartik Tyagi,rhb,"Barsapara Cricket Stadium, Guwahati",Powerplay,0,9.504103929860296,21.833885256480244,44.063233568133846,0
Punjab Kings,Dhruv Jurel,lhb,"Zayed Cricket Stadium, Abu Dhabi",MiddleOvers,0,10.7697976679834,21.74441684385112,28.728658230221487,0
Chennai Super Kings,Ishan Kishan,rhb,"Sawai Mansingh Stadium, Jaipur",Powerplay,0,6.226414039639884,15.56739316168222,21.68463414178841,1
Lucknow Super Giants,R Parag,rhb,"Brabourne Stadium, Mumbai",DeathOvers,0,6.032489394922412,13.707093943693057,43.356779009563795,1
Royal Challengers Bangalore,I Sharma,,"Maharashtra Cricket Association Stadium, Pune",MiddleOvers,0,9.39209863822281,19.637562579260237,43.51106224991387,0
Gujarat Titans,Aman Hakim Khan,lhb,"Eden Gardens, Kolkata",Powerplay,0,4.0,23.72870692784829,56.770339594605,0
Delhi Capitals,Suryansh Shedge,rhb,Dubai International Cricket Stadium,Powerplay,0,9.374158807350788,17.169392114631684,40.48179639569266,0
Sunrisers Hyderabad,A Kamboj,lhb,"Barsapara Cricket Stadium, Guwahati",MiddleOvers,1,7.325234074707231,18.59772073944259,50.62328700635582,1
Royal Challengers Bangalore,Fazalhaq Farooqi,rhb,Sharjah Cricket Stadium,Powerplay,2,12.70084883047821,28.51758571370037,63.09136779546418,1
Mumbai Indians,K Rabada,rhb,"Narendra Modi Stadium, Ahmedabad",DeathOvers,0,9.730968106618803,16.42586045031178,73.51789564085784,0
Gujarat Titans,TK Curran,rhb,"Sawai Mansingh Stadium, Jaipur",DeathOvers,1,5.4609171861230505,22.48471960591516,30.029760560966313,1
Kolkata Knight Riders,A Nortje,,"Barsapara Cricket Stadium, Guwahati",MiddleOvers,0,5.445905014412027,18.925035099700523,24.708133607641965,1
Mumbai Indians,SS Prabhudessai,,"Maharashtra Cricket Association Stadium, Pune",DeathOvers,0,7.656142165889666,14.773132479548227,38.301688686260455,1
Punjab Kings,KA Pollard,,"Rajiv Gandhi International Stadium, Uppal, Hyderabad",Powerplay,1,8.883915130277199,13.198110462671494,56.3364268176376,1
Chennai Super Kings,AM Rahane,rhb,"Rajiv Gandhi International Stadium, Uppal, Hyderabad",MiddleOvers,1,4.0,17.00704809130308,46.73077667973328,1
Delhi Capitals,PBB Rajapaksa,rhb,"M Chinnaswamy Stadium, Bengaluru",DeathOvers,2,5.912047149155275,20.83617387209113,17.325767026234317,1
Lucknow Super Giants,Atharva Taide,rhb,"Narendra Modi Stadium, Ahmedabad",MiddleOvers,1,9.626134278925328,9.458173633130498,49.25381159695914,1
Sunrisers Hyderabad,T Shamsi,lhb,"Dr. Y.S. Rajasekhara Reddy ACA-VDCA Cricket Stadium, Visakhapatnam",DeathOvers,0,10.223230499094617,16.769569845592205,35.2205485696987,0
Lucknow Super Giants,HR Shokeen,lhb,"Maharaja Yadavindra Singh International Cricket Stadium, Mullanpur",MiddleOvers,2,8.32882585649248,21.746703926617908,35.08543313193813,1
Kolkata Knight Riders,OF Smith,rhb,"Maharashtra Cricket Association Stadium, Pune",DeathOvers,0,5.102088678154513,23.19845250555546,22.4612601890859,1
Delhi Capitals,HC Brook,,"Bharat Ratna Shri Atal Bihari Vajpayee Ekana Cricket Stadium, Lucknow",Powerplay,0,7.351013827693396,17.100884115403108,60.79799179469105,0
Gujarat Titans,Umran Malik,rhb,"Narendra Modi Stadium, Ahmedabad",Powerplay,1,7.55407544677851,17.967500899049874,35.60043063244946,1
Punjab Kings,Vijaykumar Vyshak,,"Barsapara Cricket Stadium, Guwahati",Powerplay,0,9.649761029060986,15.743335542713542,37.405275512821014,0
Lucknow Super Giants,DJ Willey,lhb,"Arun Jaitley Stadium, Delhi",DeathOvers,1,8.052337705675814,20.024587250781344,53.88016372325075,1
Gujarat Titans,SN Thakur,,"Himachal Pradesh Cricket Association Stadium, Dharamsala",Powerplay,0,7.861206839941961,19.120836804210597,43.29799649735335,0
Delhi Capitals,A Mhatre,,"Dr DY Patil Sports Academy, Mumbai",MiddleOvers,0,7.483232303554464,27.343971415217744,41.693976087015,0
Kings XI Punjab,Sandeep Sharma,rhb,"Barsapara Cricket Stadium, Guwahati",Powerplay,0,6.803451605495652,11.148294304656755,38.64340931130504,1
Delhi Capitals,C Green,lhb,"Arun Jaitley Stadium, Delhi",MiddleOvers,0,8.385069215973045,15.86420555597948,35.396904133507704,0
Royal Challengers Bangalore,Anuj Rawat,,"Zayed Cricket Stadium, Abu Dhabi",MiddleOvers,1,10.031872859681073,17.39552301639165,49.705782427270336,1
Lucknow Super Giants,JD Unadkat,,"Brabourne Stadium, Mumbai",Powerplay,0,6.243193777322065,11.731284081719721,56.17107373025755,1
Kolkata Knight Riders,JO Holder,,"Punjab Cricket Association IS Bindra Stadium, Mohali, Chandigarh",DeathOvers,2,9.8759220420899,8.0,62.8829903887266,1
Punjab Kings,R Minz,,"Eden Gardens, Kolkata",DeathOvers,0,10.623421182719312,12.412494897886777,59.70445129760311,1
Royal Challengers Bengaluru,SB Dubey,lhb,"Maharashtra Cricket Association Stadium, Pune",Powerplay,1,11.72567271211666,20.648145448793574,38.351483396497486,1
Lucknow Super Giants,D Pretorius,rhb,"Himachal Pradesh Cricket Association Stadium, Dharamsala",DeathOvers,2,10.245693788063928,16.739221010991706,33.64564556693321,1
Lucknow Super Giants,Mukesh Choudhary,lhb,"Zayed Cricket Stadium, Abu Dhabi",MiddleOvers,2,11.546189738581432,15.425677488918204,51.03798902125408,1
Kings XI Punjab,WP Saha,,"Zayed Cricket Stadium, Abu Dhabi",Powerplay,0,8.918612490206067,17.778193120304262,38.65415280315015,0
Mumbai Indians,Ashutosh Sharma,rhb,"Dr. Y.S. Rajasekhara Reddy ACA-VDCA Cricket Stadium, Visakhapatnam",DeathOvers,0,6.0366751635316245,14.431458403717079,36.538499536710475,1
Kolkata Knight Riders,T Kohler-Cadmore,lhb,"Eden Gardens, Kolkata",Powerplay,1,7.604590821585822,20.129682246455975,33.58152693526968,1
Royal Challengers Bangalore,EJG Morgan,rhb,"Punjab Cricket Association IS Bindra Stadium, Mohali, Chandigarh",MiddleOvers,0,6.245382236884976,12.278190478420122,79.26523583774971,1
Sunrisers Hyderabad,Umran Malik,,"Rajiv Gandhi International Stadium, Uppal, Hyderabad",MiddleOvers,0,13.43153937339289,13.334959647812887,43.65063804176638,1
Kings XI Punjab,WP Saha,rhb,Sheikh Zayed Stadium,DeathOvers,2,8.579930950039248,13.345849565961966,48.71310111803173,1
Punjab Kings,NM Coulter-Nile,rhb,"Maharaja Yadavindra Singh International Cricket Stadium, Mullanpur",Powerplay,0,9.368728701190928,13.366627056208582,48.58383310712776,1
Delhi Capitals,Harshit Rana,lhb,"Himachal Pradesh Cricket Association Stadium, Dharamsala",DeathOvers,0,6.3278895772727735,21.41832263289956,54.13606160874599,0
Gujarat Titans,Atharva Taide,rhb,"Narendra Modi Stadium, Ahmedabad",DeathOvers,0,8.027201343752413,11.553733778069414,27.860361955586328,1
Lucknow Super Giants,A Manohar,rhb,"Himachal Pradesh Cricket Association Stadium, Dharamsala",DeathOvers,0,9.806796396021761,14.44402239138525,68.43632589972191,1
Sunrisers Hyderabad,P Dubey,rhb,"M Chinnaswamy Stadium, Bengaluru",MiddleOvers,0,4.871174811417523,20.582672210447615,76.2703617502286,0
Rajasthan Royals,F du Plessis,lhb,"Zayed Cricket Stadium, Abu Dhabi",Powerplay,0,9.442109367805665,12.916298113985468,64.32026903676746,1
Sunrisers Hyderabad,E Lewis,rhb,"Brabourne Stadium, Mumbai",Powerplay,2,9.071031795755653,21.98845127228088,39.53154499551307,1
Royal Challengers Bengaluru,Washington Sundar,rhb,Dubai International Cricket Stadium,DeathOvers,0,6.139996078929362,16.729508887487597,33.632324687715034,0
Delhi Capitals,Mohit Rathee,,"M Chinnaswamy Stadium, Bengaluru",DeathOvers,2,5.627432070753334,21.057259417390487,39.396595643853956,1
Chennai Super Kings,Dhruv Jurel,rhb,"MA Chidambaram Stadium, Chepauk, Chennai",Powerplay,0,8.056527833958604,18.04834134746943,38.08024240527754,0
Rajasthan Royals,DJ Willey,,"Dr DY Patil Sports Academy, Mumbai",Powerplay,0,4.0,15.650715150642732,59.6484355446933,0
Kolkata Knight Riders,SP Narine,rhb,"Zayed Cricket Stadium, Abu Dhabi",MiddleOvers,0,9.66681331163343,17.733286595682433,54.2897811580058,0
Royal Challengers Bangalore,XC Bartlett,lhb,"Wankhede Stadium, Mumbai",Powerplay,0,9.523756267131237,14.425664628647246,57.597075035820566,1
Chennai Super Kings,MJ Santner,rhb,"Dr. Y.S. Rajasekhara Reddy ACA-VDCA Cricket Stadium, Visakhapatnam",DeathOvers,0,8.210300922742626,21.841271315823082,50.59150112599033,0
Punjab Kings,Gurkeerat Singh,lhb,"Dr DY Patil Sports Academy, Mumbai",DeathOvers,0,11.507962026094162,17.976383916762426,57.34817679277434,0
Kings XI Punjab,Yash Dayal,lhb,"MA Chidambaram Stadium, Chepauk, Chennai",DeathOvers,0,13.220235688185637,21.547108116496403,29.649386881883643,0
Gujarat Titans,S Dhawan,,"Bharat Ratna Shri Atal Bihari Vajpayee Ekana Cricket Stadium, Lucknow",DeathOvers,0,11.194151009594389,22.254230718266165,38.29176424457066,0
Royal Challengers Bengaluru,JO Holder,lhb,"Dr DY Patil Sports Academy, Mumbai",Powerplay,0,9.545208279887202,10.506934198618936,73.24267194125665,1
Rajasthan Royals,DJ Bravo,rhb,"Sawai Mansingh Stadium, Jaipur",DeathOvers,0,10.73656078158693,15.022363967505704,39.11115623426228,0
Gujarat Titans,DR Sams,rhb,"Dr. Y.S. Rajasekhara Reddy ACA-VDCA Cricket Stadium, Visakhapatnam",Powerplay,0,4.427038704778321,23.065681217985272,44.05820121117959,0
Kings XI Punjab,Azmatullah Omarzai,,"Barsapara Cricket Stadium, Guwahati",MiddleOvers,1,8.955692562943156,15.012634487417781,18.139749793808363,1
Sunrisers Hyderabad,M Prasidh Krishna,,Sharjah Cricket Stadium,DeathOvers,2,7.55289288267987,20.546732116053885,38.07461423957319,1
Rajasthan Royals,SP Jackson,rhb,"Maharaja Yadavindra Singh International Cricket Stadium, Mullanpur",DeathOvers,2,7.075687488418706,20.000562136733066,35.63867676051697,1
Punjab Kings,DT Christian,rhb,"Eden Gardens, Kolkata",DeathOvers,0,6.21388354071958,14.235357128822356,45.5552261746839,1
Kolkata Knight Riders,JJ Roy,,"Sawai Mansingh Stadium, Jaipur",MiddleOvers,0,8.286557461688663,13.53898958318877,37.43729146256089,1
Royal Challengers Bangalore,AR Patel,rhb,"MA Chidambaram Stadium, Chepauk, Chennai",Powerplay,0,10.26305859338271,20.513541097954427,58.636967284165095,0
Royal Challengers Bangalore,CJ Jordan,lhb,"Narendra Modi Stadium, Ahmedabad",DeathOvers,0,7.3158311172117045,17.712925393286902,27.45342433616252,0
Mumbai Indians,LH Ferguson,rhb,"Sawai Mansingh Stadium, Jaipur",DeathOvers,1,4.0,11.439502883982254,36.04226777779163,1
Rajasthan Royals,Ramandeep Singh,lhb,"Barsapara Cricket Stadium, Guwahati",MiddleOvers,0,8.838743823722442,21.949620613150774,60.256875867371946,0
Delhi Capitals,SN Khan,rhb,"Narendra Modi Stadium, Ahmedabad",Powerplay,0,9.051411106259053,21.07973646008934,42.11329173348644,0
Mumbai Indians,M Vijay,,"Arun Jaitley Stadium, Delhi",MiddleOvers,0,12.085217736304372,17.610347140690095,17.388696317242353,0
Royal Challengers Bengaluru,WP Saha,,"Rajiv Gandhi International Stadium, Uppal, Hyderabad",MiddleOvers,0,6.522015316791451,19.63731408413849,59.814286553797345,0
Royal Challengers Bangalore,DJ Hooda,,"Arun Jaitley Stadium, Delhi",MiddleOvers,1,6.0718129517484165,20.53169466045352,53.28182654705445,1
Mumbai Indians,Rahmanullah Gurbaz,,"Rajiv Gandhi International Stadium, Uppal, Hyderabad",MiddleOvers,0,5.335099792297835,17.3019382482779,48.539688158346046,0
Chennai Super Kings,M Prasidh Krishna,lhb,Sharjah Cricket Stadium,Powerplay,0,7.818508553646087,8.218726839083093,77.41338376167099,1
Kolkata Knight Riders,B Indrajith,,"M Chinnaswamy Stadium, Bengaluru",DeathOvers,2,10.055789192049149,18.538268886961916,61.624777661040476,1
Mumbai Indians,SB Dubey,rhb,"M Chinnaswamy Stadium, Bengaluru",MiddleOvers,0,6.646539404593974,16.815416583055384,54.69321502835981,0
Mumbai Indians,MS Dhoni,lhb,"M Chinnaswamy Stadium, Bengaluru",Powerplay,2,11.756228372801722,20.442352577808652,45.275856263227745,1
Kings XI Punjab,SA Yadav,rhb,"M Chinnaswamy Stadium, Bengaluru",MiddleOvers,0,9.028459748408345,14.416127076858988,21.450507082535943,1
Rajasthan Royals,M Vijay,lhb,"Narendra Modi Stadium, Ahmedabad",DeathOvers,0,8.857241840444265,11.108752262215713,19.2886148408685,1
Royal Challengers Bengaluru,JP Behrendorff,,"Barsapara Cricket Stadium, Guwahati",MiddleOvers,0,9.779600147924068,17.286209604466137,40.71959216301017,0
Punjab Kings,R Tewatia,,"Bharat Ratna Shri Atal Bihari Vajpayee Ekana Cricket Stadium, Lucknow",Powerplay,1,8.25792939142981,27.598752786958883,61.360749975285245,1
Royal Challengers Bangalore,PD Salt,lhb,"Zayed Cricket Stadium, Abu Dhabi",MiddleOvers,0,7.89775684580477,13.44723849069688,49.513457755047895,1
Lucknow Super Giants,Dhruv Jurel,lhb,"Dr. Y.S. Rajasekhara Reddy ACA-VDCA Cricket Stadium, Visakhapatnam",Powerplay,1,8.128634879459177,11.31263562927685,55.81049432687777,1
Mumbai Indians,T Shamsi,lhb,"Brabourne Stadium, Mumbai",DeathOvers,0,6.895646488729103,23.800829059011896,61.73170633039288,0
Gujarat Titans,V Nigam,rhb,"Himachal Pradesh Cricket Association Stadium, Dharamsala",Powerplay,1,8.478840951220327,19.236172193799987,56.198054461433294,1
Sunrisers Hyderabad,D Ferreira,lhb,"M Chinnaswamy Stadium, Bengaluru",Powerplay,0,5.5790841170662855,19.138525607048795,32.22815075445507,0
Delhi Capitals,KR Mayers,rhb,"Himachal Pradesh Cricket Association Stadium, Dharamsala",Powerplay,0,8.66620790436821,8.0,48.10622581314677,1
Lucknow Super Giants,Rashid Khan,lhb,"Punjab Cricket Association IS Bindra Stadium, Mohali, Chandigarh",MiddleOvers,0,4.0,17.476894164205234,47.12358754686523,0
Delhi Capitals,GHS Garton,rhb,"Maharashtra Cricket Association Stadium, Pune",Powerplay,0,4.80726033758598,17.445861248626287,51.11264847757311,0
Lucknow Super Giants,PD Salt,lhb,Sharjah Cricket Stadium,MiddleOvers,0,7.784196661796116,12.380153765024808,52.588604609000306,1
Chennai Super Kings,DJ Willey,lhb,"Sawai Mansingh Stadium, Jaipur",DeathOvers,0,8.22051705793176,18.50534463708701,38.53432063557006,0
Gujarat Titans,Harbhajan Singh,lhb,"Himachal Pradesh Cricket Association Stadium, Dharamsala",DeathOvers,1,5.149416813712815,20.101602509256473,11.08267478528338,1
Royal Challengers Bengaluru,Vijaykumar Vyshak,,"Dr DY Patil Sports Academy, Mumbai",MiddleOvers,0,7.283939495484336,21.278435583186464,60.67117580296229,0
Rajasthan Royals,RD Chahar,rhb,"Barsapara Cricket Stadium, Guwahati",Powerplay,0,10.607749631125348,13.623669899453954,50.89029066440142,1
Royal Challengers Bangalore,RA Bawa,lhb,"Narendra Modi Stadium, Ahmedabad",Powerplay,1,6.601501379134534,14.185468103505645,70.63598854126806,1
Mumbai Indians,Sikandar Raza,lhb,"Narendra Modi Stadium, Ahmedabad",MiddleOvers,1,5.993413468726256,15.47651181280809,61.12477531646614,1
Gujarat Titans,MJ Santner,lhb,"Punjab Cricket Association IS Bindra Stadium, Mohali, Chandigarh",DeathOvers,0,9.447315611199572,13.595100284937924,28.77899791156745,1
Royal Challengers Bangalore,H Klaasen,,"MA Chidambaram Stadium, Chepauk, Chennai",MiddleOvers,1,7.678696501199865,8.0,58.788188128321636,1
Sunrisers Hyderabad,Ashutosh Sharma,,"Punjab Cricket Association IS Bindra Stadium, Mohali, Chandigarh",MiddleOvers,0,9.903937039260367,15.641037368292034,58.370539548178066,0
Punjab Kings,M Jansen,rhb,"Brabourne Stadium, Mumbai",Powerplay,2,10.216560825851746,24.977462516556482,48.65548318885878,1
Royal Challengers Bengaluru,DJ Mitchell,,"Barsapara Cricket Stadium, Guwahati",DeathOvers,1,6.90509854115951,22.031935313539243,46.289036664093985,1
Sunrisers Hyderabad,S Gopal,lhb,"Dr DY Patil Sports Academy, Mumbai",Powerplay,0,7.641046512083647,17.5250747333292,35.31060235659304,0
Rajasthan Royals,M Vijay,,"Maharaja Yadavindra Singh International Cricket Stadium, Mullanpur",Powerplay,0,8.754152172843016,17.32098791045354,71.36253914453852,0
Royal Challengers Bangalore,T Kohler-Cadmore,lhb,"Sawai Mansingh Stadium, Jaipur",Powerplay,0,4.0,16.991893454533688,31.292936995608734,0
Kings XI Punjab,D Wiese,rhb,"Rajiv Gandhi International Stadium, Uppal, Hyderabad",Powerplay,0,8.531027161154457,24.419820845001773,47.840349637116795,0
Kings XI Punjab,EJG Morgan,rhb,"Arun Jaitley Stadium, Delhi",MiddleOvers,0,8.505897048524481,26.08606120644751,77.95369068311297,0
Lucknow Super Giants,Harbhajan Singh,rhb,"Narendra Modi Stadium, Ahmedabad",DeathOvers,0,7.487860516480611,10.518594885489275,54.835977451998524,1
Lucknow Super Giants,R Ravindra,rhb,"Rajiv Gandhi International Stadium, Uppal, Hyderabad",Powerplay,0,8.880524891582946,14.432330831827048,54.96754425863529,1
Kings XI Punjab,JA Richardson,,"Zayed Cricket Stadium, Abu Dhabi",Powerplay,0,9.005836720871308,23.40399611593629,35.52321073628681,0
Royal Challengers Bangalore,DA Warner,,"Dr. Y.S. Rajasekhara Reddy ACA-VDCA Cricket Stadium, Visakhapatnam",MiddleOvers,0,10.642779877582779,25.389223134039046,63.15871854586146,0
Chennai Super Kings,Lalit Yadav,rhb,"Punjab Cricket Association IS Bindra Stadium, Mohali, Chandigarh",DeathOvers,0,7.479119846516442,19.126513796912036,41.97569995224905,0
Rajasthan Royals,SB Dubey,,"Sawai Mansingh Stadium, Jaipur",DeathOvers,0,4.0,23.457703086607832,88.71371634657851,0
Rajasthan Royals,J Yadav,lhb,"Himachal Pradesh Cricket Association Stadium, Dharamsala",MiddleOvers,1,8.654793922372404,19.050912672069934,10.432106466513652,1
Sunrisers Hyderabad,JJ Roy,lhb,"Wankhede Stadium, Mumbai",Powerplay,0,7.522270822165947,16.050321408692394,49.56710929351045,0
Mumbai Indians,Sanvir Singh,lhb,"Dr DY Patil Sports Academy, Mumbai",MiddleOvers,0,10.64915855204553,26.229370965818994,53.68110861385662,0
Chennai Super Kings,Dhruv Jurel,lhb,"Eden Gardens, Kolkata",MiddleOvers,0,5.978723112704447,12.991421569230159,61.10855262854548,1
Punjab Kings,Ishan Kishan,rhb,"Barsapara Cricket Stadium, Guwahati",Powerplay,0,8.542639316015423,12.639434525987038,25.95891810854921,1
Mumbai Indians,AR Patel,,"Punjab Cricket Association IS Bindra Stadium, Mohali, Chandigarh",DeathOvers,0,5.124371736679759,23.139806771693674,44.007254855350965,0
Gujarat Titans,PP Shaw,rhb,"Narendra Modi Stadium, Ahmedabad",DeathOvers,0,5.903907608463287,22.26155364236532,44.24886437752543,0
Gujarat Titans,MA Starc,lhb,"Eden Gardens, Kolkata",Powerplay,0,4.0,18.682815536040465,47.69352777882903,0
Lucknow Super Giants,Tilak Varma,lhb,"Himachal Pradesh Cricket Association Stadium, Dharamsala",MiddleOvers,1,6.0498590800415855,9.086295380781483,68.39271809606464,1
Delhi Capitals,Ravi Bishnoi,,"Rajiv Gandhi International Stadium, Uppal, Hyderabad",DeathOvers,1,10.466124019606596,26.56697650494366,47.416873979071084,1
Rajasthan Royals,GJ Maxwell,,"Sawai Mansingh Stadium, Jaipur",Powerplay,1,8.691130552701104,16.7241802054275,61.053231763438674,1
Lucknow Super Giants,D Ferreira,,"Maharashtra Cricket Association Stadium, Pune",DeathOvers,1,11.311819672110909,17.446908921187095,36.590462597589536,1
Royal Challengers Bangalore,SK Raina,lhb,"Narendra Modi Stadium, Ahmedabad",MiddleOvers,0,11.497087762306085,12.784516471062375,40.3261422044103,1
Royal Challengers Bengaluru,Rashid Khan,lhb,"Brabourne Stadium, Mumbai",DeathOvers,1,4.0,20.646859479579746,53.12370227890072,1
Sunrisers Hyderabad,GJ Maxwell,rhb,Sharjah Cricket Stadium,DeathOvers,0,9.307312219604249,21.55327938144218,33.04712978048856,0
Royal Challengers Bengaluru,AS Rajpoot,,Sharjah Cricket Stadium,MiddleOvers,1,4.43309793786876,23.18250117284162,34.383535477982164,1
Kolkata Knight Riders,PWA Mulder,,"MA Chidambaram Stadium, Chepauk, Chennai",Powerplay,2,13.568187868017457,15.590156484756918,59.434068615019264,1
Royal Challengers Bangalore,SN Thakur,lhb,"Narendra Modi Stadium, Ahmedabad",MiddleOvers,2,14.0,19.025741239811058,37.29177554102272,1
Lucknow Super Giants,PWA Mulder,lhb,"Eden Gardens, Kolkata",DeathOvers,0,11.38741085924762,15.772020096788363,36.05813744816619,0
Punjab Kings,RD Chahar,,"Dr. Y.S. Rajasekhara Reddy ACA-VDCA Cricket Stadium, Visakhapatnam",MiddleOvers,0,8.953607131414696,21.91344401098785,56.96122055799259,0
Lucknow Super Giants,Virat Singh,rhb,"Dr DY Patil Sports Academy, Mumbai",Powerplay,0,8.995300543598596,28.84848625690626,51.858176210912596,0
Royal Challengers Bengaluru,B Kumar,lhb,"Himachal Pradesh Cricket Association Stadium, Dharamsala",MiddleOvers,1,11.062813667654414,16.50907881557009,56.79339461284495,1
Kings XI Punjab,B Kumar,lhb,"Barsapara Cricket Stadium, Guwahati",Powerplay,0,10.670258322549689,17.53545206881204,43.20005235320663,0
Chennai Super Kings,TK Curran,rhb,"Eden Gardens, Kolkata",MiddleOvers,0,8.6344557647796,17.944285497128966,54.15791896572096,0
Kolkata Knight Riders,Aniket Verma,,"Punjab Cricket Association IS Bindra Stadium, Mohali, Chandigarh",DeathOvers,1,5.136316415857397,21.147193694952037,82.46494590468845,1
Kings XI Punjab,KA Jamieson,,"Eden Gardens, Kolkata",Powerplay,0,5.848353727426371,15.948163468686792,56.403721399295335,0
Kolkata Knight Riders,BA Stokes,lhb,"M Chinnaswamy Stadium, Bengaluru",DeathOvers,1,8.334377481181052,17.02948404520556,26.098202127057103,1
Lucknow Super Giants,KS Bharat,rhb,"Maharashtra Cricket Association Stadium, Pune",DeathOvers,2,11.276371303441104,21.808001138019307,52.28277731855817,1
Gujarat Titans,OF Smith,lhb,"Punjab Cricket Association IS Bindra Stadium, Mohali, Chandigarh",MiddleOvers,2,14.0,15.362604419382995,43.05279127486638,1
Rajasthan Royals,Washington Sundar,,"Zayed Cricket Stadium, Abu Dhabi",Powerplay,0,12.48941500450466,21.584514112986206,39.08936704226782,0
Royal Challengers Bangalore,KL Rahul,rhb,"Punjab Cricket Association IS Bindra Stadium, Mohali, Chandigarh",MiddleOvers,0,9.044563655038404,14.099933523408712,23.755800231830083,1
Chennai Super Kings,PVD Chameera,lhb,"Barsapara Cricket Stadium, Guwahati",DeathOvers,0,8.387856716319257,12.138173879906004,32.729364240655045,1
Gujarat Titans,MP Stoinis,lhb,"Arun Jaitley Stadium, Delhi",MiddleOvers,1,8.06379424355605,24.582098330650144,57.562950300855995,1
Mumbai Indians,RJ Gleeson,rhb,"Zayed Cricket Stadium, Abu Dhabi",MiddleOvers,0,8.865094050743783,9.64595588986884,58.369342086872294,1
Royal Challengers Bangalore,DJ Hooda,,"Maharashtra Cricket Association Stadium, Pune",Powerplay,2,5.2278828640343935,23.12829064957132,36.76946204176191,1
Delhi Capitals,Shivam Mavi,rhb,Dubai International Cricket Stadium,Powerplay,0,9.51851622313745,30.0,48.793376181189906,0
Delhi Capitals,T Stubbs,rhb,"Punjab Cricket Association IS Bindra Stadium, Mohali, Chandigarh",MiddleOvers,0,8.6696561255684,16.157583755570624,10.0,0
Royal Challengers Bangalore,V Shankar,rhb,"Barsapara Cricket Stadium, Guwahati",DeathOvers,0,6.2894308332358415,21.417925824487316,38.26850773652525,0
Punjab Kings,RV Uthappa,rhb,"Barsapara Cricket Stadium, Guwahati",Powerplay,0,9.906751325574351,15.63090008235524,10.219152011249598,0
Royal Challengers Bengaluru,LB Williams,rhb,Sharjah Cricket Stadium,Powerplay,1,8.519116408740688,19.91887964638135,49.28870081776585,1
Lucknow Super Giants,CJ Jordan,lhb,"Brabourne Stadium, Mumbai",MiddleOvers,0,11.624463595167441,10.988035396821935,58.77565372556927,1
Kings XI Punjab,AM Rahane,rhb,"Rajiv Gandhi International Stadium, Uppal, Hyderabad",MiddleOvers,0,7.536492908553292,12.765139212019662,60.00050686210071,1
Sunrisers Hyderabad,DJ Malan,lhb,"Dr. Y.S. Rajasekhara Reddy ACA-VDCA Cricket Stadium, Visakhapatnam",Powerplay,0,8.900841410321014,16.522016598918228,39.32358055036569,0
Rajasthan Royals,PBB Rajapaksa,rhb,"Barsapara Cricket Stadium, Guwahati",DeathOvers,0,9.535101644060866,21.486901681228574,79.45246799505847,0
Punjab Kings,DL Chahar,rhb,"Zayed Cricket Stadium, Abu Dhabi",MiddleOvers,1,7.254707544137482,16.157011334720618,53.37949693688522,1
Rajasthan Royals,VR Aaron,,Dubai International Cricket Stadium,DeathOvers,1,10.989610443110118,16.981501828352513,51.84333974764606,1
Kolkata Knight Riders,I Udana,,"Wankhede Stadium, Mumbai",DeathOvers,0,9.667001245822691,21.777956118767257,39.47597195623649,0
Gujarat Titans,CJ Jordan,lhb,Sheikh Zayed Stadium,DeathOvers,0,7.864653623648411,17.90281205120499,59.8866508338688,0
Kings XI Punjab,WG Jacks,lhb,"Bharat Ratna Shri Atal Bihari Vajpayee Ekana Cricket Stadium, Lucknow",Powerplay,0,13.080711887215942,24.41632780217757,61.54857802565766,0
Royal Challengers Bengaluru,Swapnil Singh,lhb,"M Chinnaswamy Stadium, Bengaluru",Powerplay,0,12.0050818261209,21.89311260565772,55.173036538785055,0
Lucknow Super Giants,Naman Dhir,lhb,"Barsapara Cricket Stadium, Guwahati",MiddleOvers,0,6.572842688907237,21.512348249880823,27.045172241256658,1
Lucknow Super Giants,DA Miller,lhb,"Bharat Ratna Shri Atal Bihari Vajpayee Ekana Cricket Stadium, Lucknow",MiddleOvers,0,4.311123920426621,13.204137598068556,31.972760585069636,1
Kings XI Punjab,CR Woakes,lhb,"Punjab Cricket Association IS Bindra Stadium, Mohali, Chandigarh",Powerplay,0,11.343293807683944,16.129624961780728,57.67762740242627,0
Royal Challengers Bengaluru,AF Milne,,"Maharaja Yadavindra Singh International Cricket Stadium, Mullanpur",MiddleOvers,0,7.065821343945889,21.0196990205009,20.73318662711226,0
Royal Challengers Bengaluru,Ishan Kishan,,"Maharashtra Cricket Association Stadium, Pune",MiddleOvers,0,5.91748522872787,15.484750182727284,68.64347005380066,0
Chennai Super Kings,RP Meredith,rhb,"Bharat Ratna Shri Atal Bihari Vajpayee Ekana Cricket Stadium, Lucknow",Powerplay,1,8.897900902465251,18.256692630336463,24.58417485208973,1
Sunrisers Hyderabad,Ashutosh Sharma,rhb,"Narendra Modi Stadium, Ahmedabad",DeathOvers,0,9.703941076033155,22.573378631574798,24.169268151471446,0
Punjab Kings,AJ Turner,,"Rajiv Gandhi International Stadium, Uppal, Hyderabad",DeathOvers,1,8.393857980163244,13.294025192663838,72.75834748296951,1
Punjab Kings,R Sanjay Yadav,,"MA Chidambaram Stadium, Chepauk, Chennai",MiddleOvers,0,9.562447541561646,8.23340251736961,46.03160123319489,1
Gujarat Titans,D Pretorius,rhb,"Narendra Modi Stadium, Ahmedabad",MiddleOvers,0,14.0,18.85779670063144,35.617053979426444,0
Sunrisers Hyderabad,A Kamboj,,"Maharaja Yadavindra Singh International Cricket Stadium, Mullanpur",MiddleOvers,1,7.794341943945656,18.354858162804717,47.71833762720855,1
Royal Challengers Bangalore,RV Patel,rhb,"Dr. Y.S. Rajasekhara Reddy ACA-VDCA Cricket Stadium, Visakhapatnam",DeathOvers,0,9.613359103189863,20.77336198400052,18.010084239210325,0
Delhi Capitals,MC Henriques,rhb,Sheikh Zayed Stadium,Powerplay,0,5.196007650964829,8.0,44.24731872832472,1
Rajasthan Royals,RD Gaikwad,,"M Chinnaswamy Stadium, Bengaluru",Powerplay,0,11.70031669175009,21.607364824867293,33.951331458360414,0
Royal Challengers Bengaluru,DP Conway,rhb,"Eden Gardens, Kolkata",Powerplay,0,4.0,12.571968591073858,51.480269410182856,1
Mumbai Indians,TK Curran,,"M Chinnaswamy Stadium, Bengaluru",MiddleOvers,0,6.526717434050485,19.615405503229507,38.12904796046738,0
Royal Challengers Bengaluru,RV Patel,,"Wankhede Stadium, Mumbai",MiddleOvers,0,5.406223090743522,21.13632768737907,21.971537730009718,1
Rajasthan Royals,V Viyaskanth,,"Dr DY Patil Sports Academy, Mumbai",Powerplay,0,11.700163319308093,18.835823109057035,16.151464706953796,0
Lucknow Super Giants,R Dhawan,,"Sawai Mansingh Stadium, Jaipur",MiddleOvers,2,10.609427067163377,18.116225791396765,53.15978176489983,1
Mumbai Indians,Harshit Rana,rhb,Sharjah Cricket Stadium,DeathOvers,0,13.064296502478122,19.24551917876869,25.823994422871845,0
Royal Challengers Bengaluru,KA Jamieson,lhb,"Eden Gardens, Kolkata",MiddleOvers,0,7.28645675418355,16.162167914004453,60.89745833149827,0
Mumbai Indians,Azmatullah Omarzai,,Dubai International Cricket Stadium,MiddleOvers,0,9.603722380410112,16.707543186380647,46.40534405816171,0
Punjab Kings,R Sanjay Yadav,lhb,"Maharashtra Cricket Association Stadium, Pune",Powerplay,2,7.885894139701376,17.201885649721525,47.926396826676054,1
Punjab Kings,PJ Sangwan,lhb,"Barsapara Cricket Stadium, Guwahati",MiddleOvers,1,4.0,9.882093877854293,45.81972631118587,1
Royal Challengers Bengaluru,MR Marsh,rhb,Sharjah Cricket Stadium,Powerplay,0,7.585953627972129,22.672350113374094,16.84137716493859,0
Gujarat Titans,R Tewatia,rhb,"Sawai Mansingh Stadium, Jaipur",DeathOvers,0,6.581502157558318,27.30879520078018,40.972732633228674,0
Mumbai Indians,KM Jadhav,,"Maharaja Yadavindra Singh International Cricket Stadium, Mullanpur",Powerplay,0,6.321332101742895,21.33713142763414,44.10107932049762,0
Mumbai Indians,Tanush Kotian,lhb,"MA Chidambaram Stadium, Chepauk, Chennai",DeathOvers,0,8.579445438472968,22.526688333926565,57.72006224452501,0
Gujarat Titans,TL Seifert,,"Zayed Cricket Stadium, Abu Dhabi",MiddleOvers,0,4.807556555775734,25.423519376395884,53.39479237962185,0
Gujarat Titans,P Dubey,,Dubai International Cricket Stadium,DeathOvers,1,4.0,14.358686766738193,28.090608045519037,1
Chennai Super Kings,Harshit Rana,rhb,"MA Chidambaram Stadium, Chepauk, Chennai",MiddleOvers,1,12.15328590476202,8.0,39.643865814669184,1
Chennai Super Kings,WG Jacks,rhb,"Rajiv Gandhi International Stadium, Uppal, Hyderabad",MiddleOvers,1,5.931445719845874,14.95503075059494,41.22947285211126,1
Mumbai Indians,G Coetzee,rhb,"Zayed Cricket Stadium, Abu Dhabi",MiddleOvers,0,10.193940321446863,19.064069240632396,33.03756948966215,0
Delhi Capitals,RA Jadeja,lhb,"M Chinnaswamy Stadium, Bengaluru",DeathOvers,0,6.445463336586804,22.719794412486916,36.1451517153888,0
Sunrisers Hyderabad,MK Pandey,rhb,"Bharat Ratna Shri Atal Bihari Vajpayee Ekana Cricket Stadium, Lucknow",Powerplay,0,9.63993060031225,15.967636195267636,40.569663831654786,0
Sunrisers Hyderabad,RD Gaikwad,rhb,"Dr DY Patil Sports Academy, Mumbai",Powerplay,1,9.774284516664434,17.870080758009045,58.64618265200386,1
Rajasthan Royals,Rashid Khan,lhb,"Punjab Cricket Association IS Bindra Stadium, Mohali, Chandigarh",Powerplay,0,8.66091249749743,17.010230312118395,66.32824044710813,0
Royal Challengers Bangalore,VG Arora,rhb,"Narendra Modi Stadium, Ahmedabad",MiddleOvers,0,10.23508197328345,26.096797535599716,33.85524864066616,0
Royal Challengers Bengaluru,Kartik Tyagi,rhb,"Bharat Ratna Shri Atal Bihari Vajpayee Ekana Cricket Stadium, Lucknow",DeathOvers,1,12.020957197722403,20.056845663090666,39.87788148549544,1
Kings XI Punjab,Sandeep Sharma,lhb,"MA Chidambaram Stadium, Chepauk, Chennai",Powerplay,0,8.732863426038547,14.955354700389108,33.57089095704919,1
Royal Challengers Bengaluru,Abhishek Sharma,lhb,"Bharat Ratna Shri Atal Bihari Vajpayee Ekana Cricket Stadium, Lucknow",MiddleOvers,0,10.318348980222618,28.797898280443704,65.21975835599676,0
Chennai Super Kings,WG Jacks,,"Dr. Y.S. Rajasekhara Reddy ACA-VDCA Cricket Stadium, Visakhapatnam",MiddleOvers,2,7.885014728063087,18.938693659896796,53.44223344888029,1
Royal Challengers Bangalore,MA Wood,lhb,Sharjah Cricket Stadium,DeathOvers,0,6.451343303374681,14.70946926374296,72.6347592697656,1
Mumbai Indians,MM Ali,rhb,"Rajiv Gandhi International Stadium, Uppal, Hyderabad",MiddleOvers,0,8.271958676427474,19.136542430094604,60.941290427811914,0
Kolkata Knight Riders,DS Kulkarni,rhb,"Bharat Ratna Shri Atal Bihari Vajpayee Ekana Cricket Stadium, Lucknow",MiddleOvers,1,10.320337646257371,13.722764324314477,49.06245984475003,1
Gujarat Titans,PJ Cummins,rhb,"Arun Jaitley Stadium, Delhi",Powerplay,1,9.747884744159208,13.920748204305161,29.03287008951265,1
Delhi Capitals,AA Kulkarni,lhb,"Maharashtra Cricket Association Stadium, Pune",Powerplay,0,8.845538289714709,15.894187755667385,60.760932346111744,0
Kings XI Punjab,EJG Morgan,,"Himachal Pradesh Cricket Association Stadium, Dharamsala",DeathOvers,0,7.119541788464106,22.188513702677863,38.96808152185514,0
Lucknow Super Giants,T Stubbs,lhb,"Punjab Cricket Association IS Bindra Stadium, Mohali, Chandigarh",DeathOvers,0,4.121555565021886,14.97932989425836,20.36035279975949,1
Royal Challengers Bangalore,DW Steyn,,"Bharat Ratna Shri Atal Bihari Vajpayee Ekana Cricket Stadium, Lucknow",Powerplay,0,7.369771324650463,14.957477264125668,50.58024531242673,1
Chennai Super Kings,DJ Willey,lhb,"Dr. Y.S. Rajasekhara Reddy ACA-VDCA Cricket Stadium, Visakhapatnam",Powerplay,1,6.0888019075138855,22.144271430242892,43.341809584252694,1
Lucknow Super Giants,Avesh Khan,rhb,"Himachal Pradesh Cricket Association Stadium, Dharamsala",MiddleOvers,0,9.297243009063584,26.387527242898507,47.8968131747004,0
Punjab Kings,LS Livingstone,lhb,Sheikh Zayed Stadium,MiddleOvers,1,8.041406072468757,17.200307832838305,43.857566350697525,1
Royal Challengers Bangalore,AS Roy,lhb,"Himachal Pradesh Cricket Association Stadium, Dharamsala",MiddleOvers,0,13.512677531416433,19.890231399573793,38.89149007755375,0
Royal Challengers Bengaluru,Fazalhaq Farooqi,,Sheikh Zayed Stadium,MiddleOvers,0,6.751250893621498,20.733222765614002,49.56834518343926,0
Royal Challengers Bengaluru,I Udana,rhb,"Sawai Mansingh Stadium, Jaipur",MiddleOvers,0,9.244330433768294,25.67947508530461,58.434739345548934,0
Kolkata Knight Riders,CR Woakes,lhb,"Barsapara Cricket Stadium, Guwahati",Powerplay,0,9.742524319449974,8.760440545036378,47.09087508101763,1
Chennai Super Kings,SK Raina,,"Himachal Pradesh Cricket Association Stadium, Dharamsala",MiddleOvers,0,10.757543711449586,15.163612561943737,45.50925224484007,0
Delhi Capitals,Mohammed Shami,lhb,"Bharat Ratna Shri Atal Bihari Vajpayee Ekana Cricket Stadium, Lucknow",Powerplay,1,8.795055264329804,11.415519221565066,40.26263878327303,1
Royal Challengers Bangalore,R Sanjay Yadav,,"Punjab Cricket Association IS Bindra Stadium, Mohali, Chandigarh",DeathOvers,0,10.835381913757908,19.972140018748163,52.32328248834687,0
Kings XI Punjab,SP Goswami,lhb,"Dr DY Patil Sports Academy, Mumbai",Powerplay,0,11.837771921243087,14.794788107795508,53.776196597192104,1
Chennai Super Kings,DA Warner,lhb,"Brabourne Stadium, Mumbai",DeathOvers,0,7.13762918982631,9.297676671499175,47.590052392727515,1
Gujarat Titans,SR Watson,,"Himachal Pradesh Cricket Association Stadium, Dharamsala",Powerplay,1,4.0,18.585501279101827,45.05853740379907,1
Kolkata Knight Riders,J Yadav,lhb,"Punjab Cricket Association IS Bindra Stadium, Mohali, Chandigarh",DeathOvers,1,10.518399950588812,14.932072220642574,17.873273711471125,1
Rajasthan Royals,SN Khan,,"M Chinnaswamy Stadium, Bengaluru",DeathOvers,0,8.715061826127165,22.95207308899508,44.20738904389932,0
Lucknow Super Giants,Lalit Yadav,lhb,"Bharat Ratna Shri Atal Bihari Vajpayee Ekana Cricket Stadium, Lucknow",DeathOvers,1,11.117188032202844,13.311770458645878,52.19433045244145,1
Chennai Super Kings,RM Patidar,lhb,"Zayed Cricket Stadium, Abu Dhabi",DeathOvers,0,11.254074918671252,22.430130712535806,35.99710279039172,0
Punjab Kings,T Shamsi,,"Wankhede Stadium, Mumbai",Powerplay,0,4.551346352109796,11.286251521901535,23.911310480796832,1
Mumbai Indians,Tilak Varma,rhb,"Bharat Ratna Shri Atal Bihari Vajpayee Ekana Cricket Stadium, Lucknow",MiddleOvers,0,8.091324183677514,10.206486298134385,36.76869755925125,1
Gujarat Titans,A Zampa,lhb,"Eden Gardens, Kolkata",MiddleOvers,0,10.417614252978888,21.554259295240726,45.481826225139685,0
Gujarat Titans,AR Patel,rhb,Sheikh Zayed Stadium,MiddleOvers,0,10.582043955182066,19.097435525497723,51.654197116471316,0
Delhi Capitals,Dhruv Jurel,rhb,Sheikh Zayed Stadium,DeathOvers,1,6.478853785663921,13.344139515660622,21.56671085670121,1
Punjab Kings,A Badoni,rhb,"Barsapara Cricket Stadium, Guwahati",DeathOvers,0,7.9031952982860805,10.936433735655074,54.4731338719275,1
Delhi Capitals,HE van der Dussen,rhb,"Maharaja Yadavindra Singh International Cricket Stadium, Mullanpur",DeathOvers,1,6.188839803239816,18.919827301878723,32.45719274274487,1
Royal Challengers Bengaluru,JJ Bumrah,rhb,"M Chinnaswamy Stadium, Bengaluru",MiddleOvers,0,11.940269490336473,19.822200816489968,69.19261685355107,0
Royal Challengers Bengaluru,KL Nagarkoti,,"MA Chidambaram Stadium, Chepauk, Chennai",DeathOvers,0,8.89976888216802,20.10053384277801,69.40832162797938,0
Delhi Capitals,AT Carey,,"Brabourne Stadium, Mumbai",DeathOvers,1,7.876833824754904,21.326111794158038,46.33887936401974,1
Gujarat Titans,OF Smith,,"Dr DY Patil Sports Academy, Mumbai",DeathOvers,1,7.324711988613275,12.012966745619368,41.70184139321508,1
Chennai Super Kings,Yash Dayal,,"MA Chidambaram Stadium, Chepauk, Chennai",Powerplay,2,9.548001861301305,21.328575878330412,57.39127143356406,1
Chennai Super Kings,Abdul Basith,,"Punjab Cricket Association IS Bindra Stadium, Mohali, Chandigarh",Powerplay,0,8.664023062617193,15.40884088912609,55.906097117951546,0
Royal Challengers Bangalore,KK Nair,,Dubai International Cricket Stadium,Powerplay,0,5.6796216850736085,12.722711987387438,25.29788495641006,1
Kolkata Knight Riders,CH Gayle,lhb,"Arun Jaitley Stadium, Delhi",MiddleOvers,0,10.173866601504212,15.711148826742333,61.123749897944236,0
Kings XI Punjab,LB Williams,rhb,"Maharaja Yadavindra Singh International Cricket Stadium, Mullanpur",MiddleOvers,2,7.385458922437896,16.876942253776303,46.57817129813514,1
Lucknow Super Giants,SPD Smith,rhb,"Wankhede Stadium, Mumbai",DeathOvers,0,10.185380104652427,10.128370434311389,27.710795948307787,1
Lucknow Super Giants,MJ Santner,,"Barsapara Cricket Stadium, Guwahati",Powerplay,0,12.551768797960495,18.551417376544137,46.18373612338541,0
Rajasthan Royals,MS Wade,,"Dr. Y.S. Rajasekhara Reddy ACA-VDCA Cricket Stadium, Visakhapatnam",MiddleOvers,0,6.024805574158846,24.436445302375624,64.57397661721616,0
